matrix,sparskit,mkl,taco,ours
jnlbrng1,4.552,2.51,0.683,1.198563
obstclae,4.521,2.493,0.686,1.200394
chem_master1,4.769,4.664,0.701,2.725490
dixmaanl,7.316,4.113,1.174,2.098888
cant,170.027,180.271,47.889,140.057701
denormal,26.358,29.252,4.098,9.794236
Baumann,18.075,18.715,2.739,12.394680
majorbasis,30.653,35.173,8.562,73.176034
Lin,41.908,42.761,6.502,11.402678
ecology1,99.97,107.654,38.298,31.429600
atmosmodd,224.31,229.634,68.627,151.663519
