matrix,sparskit,mkl,taco,ours1,ours2
chem_master1,0.998,1.125,1.103,26.839,1.572056
rma10,30.062,26.741,29.769,563.097,77.514144
shyy161,1.589,1.841,1.643,52.165,2.554474
Baumann,4.156,4.395,4.366,141.582,13.113257
majorbasis,11.268,11.563,12.426,396.899,67.648920
scircuit,14.754,15.437,16.571,227.565,26.920809
mac_econ_fwd500,10.688,11.822,12.453,291.699306,26.649162
webbase_1M,53.067,53.662,54.908,860.517,105.0657962
atmosmodd,123.213,125.145,131.127,3345.616,291.412507
