matrix,sparskit,mkl,taco,ours1,ours2
chem_master1,0.998,1.125,1.103,26.839,1.122264
rma10,30.062,26.741,29.769,563.097,48.041591
shyy161,1.589,1.841,1.643,52.165,1.816277
Baumann,4.156,4.395,4.366,141.582,5.294448
majorbasis,11.268,11.563,12.426,396.899,17.722117
scircuit,14.754,15.437,16.571,227.565,16.207874
mac_econ_fwd500,10.688,11.822,12.453,291.699306,16.985166
webbase_1M,53.067,53.662,54.908,860.517,69.130075
atmosmodd,123.213,125.145,131.127,3345.616,81.484615
